{
    "ad": "Andorra",
    "ae": "Verenigde Arabiese Emirate",
    "af": "Afganistan",
    "ag": "Antigua en Barbuda",
    "ai": "Anguilla",
    "al": "Albani\u00eb",
    "am": "Armeni\u00eb",
    "ao": "Angola",
    "aq": "Antarktika",
    "ar": "Argentini\u00eb",
    "as": "Amerikaanse Samoa",
    "at": "Oostenryk",
    "au": "Australi\u00eb",
    "aw": "Aruba",
    "az": "Azerbeidjan",
    "ba": "Bosni\u00eb en Herzegowina",
    "bb": "Barbados",
    "bd": "Bangladesj",
    "be": "Belgi\u00eb",
    "bf": "Boerkina Faso",
    "bg": "Bulgarye",
    "bh": "Bahrein",
    "bi": "Burundi",
    "bj": "Benin",
    "bl": "Saint Barth\u00e9lemy",
    "bm": "Bermuda",
    "bn": "Broenei",
    "bo": "Bolivia",
    "bq": "Caribbean Netherlands",
    "br": "Brasili\u00eb",
    "bs": "Bahamas, Die",
    "bt": "Bhoetan",
    "bv": "Bouveteiland",
    "bw": "Botswana",
    "by": "Wit-Rusland",
    "bz": "Belize",
    "ca": "Kanada",
    "cc": "Kokoseilande",
    "cd": "Congo (Kinshasa)",
    "cf": "Sentraal-Afrikaanse Republiek",
    "cg": "Congo (Brazzaville)",
    "ch": "Switserland",
    "ci": "Ivoorkus",
    "ck": "Cook-eilande",
    "cl": "Chili",
    "cm": "Kameroen",
    "cn": "Sjina",
    "co": "Colombia",
    "cp": "Clipperton Island",
    "cr": "Costa Rica",
    "cu": "Kuba",
    "cv": "Kaap Verde",
    "cw": "Cura\u00e7ao",
    "cx": "Christmas-eiland",
    "cy": "Ciprus",
    "cz": "Tsjeggiese Republiek",
    "de": "Duitsland",
    "dg": "Diego Garcia",
    "dj": "Djiboeti",
    "dk": "Denemarke",
    "dm": "Dominica",
    "do": "Dominikaanse Republiek",
    "dz": "Algeri\u00eb",
    "ec": "Ecuador",
    "ee": "Estland",
    "eg": "Egipte",
    "eh": "Wes-Sahara",
    "er": "Eritrea",
    "es": "Spanje",
    "et": "Etiopi\u00eb",
    "fi": "Finland",
    "fj": "Fidji",
    "fk": "Falklandeilande (Malvinas)",
    "fm": "Mikronesi\u00eb, Verenigde State van",
    "fo": "Faro\u00ebr-eilande",
    "fr": "Frankryk",
    "ga": "Gaboen",
    "gb": "Verenigde Koninkryk",
    "gd": "Grenada",
    "ge": "Georgi\u00eb",
    "gf": "Frans Guinee",
    "gg": "Guernsey",
    "gh": "Ghana",
    "gi": "Gibraltar",
    "gl": "Groenland",
    "gm": "Gambia, The",
    "gn": "Guinee",
    "gp": "Guadeloupe",
    "gq": "Ekwatoriaal-Guinee",
    "gr": "Griekeland",
    "gs": "South Georgia and South Sandwich Islands",
    "gt": "Guatemala",
    "gu": "Guam",
    "gw": "Guinee-Bissau",
    "gy": "Guyana",
    "hk": "Hongkong",
    "hm": "Heard- en McDonald-eilande",
    "hn": "Honduras",
    "hr": "Kroasi\u00eb",
    "ht": "Ha\u00efti",
    "hu": "Hongarye",
    "id": "Indonesi\u00eb",
    "ie": "Ierland",
    "il": "Israel",
    "im": "Eiland Man",
    "in": "Indi\u00eb",
    "io": "Britse Indiese Oseaangebied",
    "iq": "Irak",
    "ir": "Iran",
    "is": "Ysland",
    "it": "Itali\u00eb",
    "je": "Jersey",
    "jm": "Jamaika",
    "jo": "Jordani\u00eb",
    "jp": "Japan",
    "ke": "Kenia",
    "kg": "Kirgisi\u00eb",
    "kh": "Kambodja",
    "ki": "Kiribati",
    "km": "Comore",
    "kn": "Sint Kitts en Nevis",
    "kp": "Korea, Noord",
    "kr": "Korea, Suid",
    "kw": "Koeweit",
    "ky": "Kaaiman-eilande",
    "kz": "Kasakstan",
    "la": "Laos",
    "lb": "Lebanon",
    "lc": "Sint Lucia",
    "li": "Liechtenstein",
    "lk": "Sri Lanka",
    "lr": "Liberi\u00eb",
    "ls": "Lesotho",
    "lt": "Litaue",
    "lu": "Luxemburg",
    "lv": "Letland",
    "ly": "Libi\u00eb",
    "ma": "Marokko",
    "mc": "Monaco",
    "md": "Moldovi\u00eb",
    "me": "Montenegro",
    "mf": "Sint Martin",
    "mg": "Madagaskar",
    "mh": "Marshall-eilande",
    "mk": "Masedoni\u00eb",
    "ml": "Mali",
    "mm": "Burma",
    "mn": "Mongoli\u00eb",
    "mo": "Macau",
    "mp": "Noordelike Mariana-eilande",
    "mq": "Martinique",
    "mr": "Mauritani\u00eb",
    "ms": "Montserrat",
    "mt": "Malta",
    "mu": "Mauritius",
    "mv": "Maldive",
    "mw": "Malawi",
    "mx": "Meksiko",
    "my": "Maleisi\u00eb",
    "mz": "Mosambiek",
    "na": "Namibi\u00eb",
    "nc": "Nieu-Caledoni\u00eb",
    "ne": "Niger",
    "nf": "Norfolk-eiland",
    "ng": "Nigeri\u00eb",
    "ni": "Nicaragua",
    "nl": "Nederland",
    "no": "Noorwe\u00eb",
    "np": "Nepal",
    "nr": "Nauru",
    "nu": "Niue",
    "nz": "Nieu-Seeland",
    "om": "Oman",
    "pa": "Panama",
    "pe": "Peru",
    "pf": "Frans Polinesi\u00eb",
    "pg": "Papua Nieu-Guinee",
    "ph": "Filippyne",
    "pk": "Pakistan",
    "pl": "Pole",
    "pm": "Sint Pierre en Miquelon",
    "pn": "Pitcairn Islands",
    "pr": "Puerto Rico",
    "pt": "Portugal",
    "pw": "Palau",
    "py": "Paraguay",
    "qa": "Katar",
    "qm": "Midway Islands",
    "qs": "Bassas da India",
    "qu": "Juan de Nova Island",
    "qw": "Wake Island",
    "qx": "Glorioso Islands",
    "qz": "Akrotiri",
    "re": "Reunion",
    "ro": "Roemeni\u00eb",
    "rs": "Serwi\u00eb",
    "ru": "Rusland",
    "rw": "Rwanda",
    "sa": "Saoedi-Arabi\u00eb",
    "sb": "Solomon-eilande",
    "sc": "Seychelle",
    "sd": "Soedan",
    "se": "Swede",
    "sg": "Singapoer",
    "sh": "Saint Helena, Ascension, and Tristan da Cunha",
    "si": "Sloweni\u00eb",
    "sk": "Slowakye",
    "sl": "Sierra Leone",
    "sm": "San Marino",
    "sn": "Senegal",
    "so": "Somali\u00eb",
    "sr": "Suriname",
    "ss": "Suid-Sudan",
    "st": "Sao Tome en Principe",
    "sv": "El Salvador",
    "sx": "Sint Martin",
    "sy": "Siri\u00eb",
    "sz": "Swaziland",
    "tc": "Turkse en Caicos-eilande",
    "td": "Tsjad",
    "tf": "French Southern and Antarctic Lands",
    "tg": "Togo",
    "th": "Thailand",
    "tj": "Tadjiki\u00eb",
    "tk": "Tokelau",
    "tl": "Timor-Leste",
    "tm": "Turkmeni\u00eb",
    "tn": "Tunisi\u00eb",
    "to": "Tongaans",
    "tr": "Turkye",
    "tt": "Trinidad en Tobago",
    "tv": "Tuvalu",
    "tw": "Taiwan",
    "tz": "Tanzani\u00eb",
    "ua": "Oekra\u00efne",
    "ug": "Uganda",
    "us": "Verenigde State",
    "uy": "Uruguay",
    "uz": "Oezbekistan",
    "va": "Vatikaanstad",
    "vc": "Sint Vincent en die Grenadiene",
    "ve": "Venezuela",
    "vg": "Virgin Islands, British",
    "vi": "Virgin Islands, U.S.",
    "vn": "Vi\u00ebtnam",
    "vu": "Vanuatu",
    "wf": "Wallis en Futuna",
    "ws": "Samoa",
    "xa": "Ashmore and Cartier Islands",
    "xb": "Baker Island",
    "xc": "Coral Sea Islands",
    "xd": "Dhekelia",
    "xe": "Europa Island",
    "xg": "Gaza Strip",
    "xh": "Howland Island",
    "xj": "Jan Mayen",
    "xk": "Kosovo",
    "xl": "Palmyra Atoll",
    "xm": "Kingman Reef",
    "xp": "Paracel Islands",
    "xq": "Jarvis Island",
    "xr": "Svalbard",
    "xs": "Spratly Islands",
    "xt": "Tromelin Island",
    "xu": "Johnston Atoll",
    "xv": "Navassa Island",
    "xw": "West Bank",
    "ye": "Jemen",
    "yt": "Mayotte",
    "za": "Suid-Afrika",
    "zm": "Zambi\u00eb",
    "zw": "Zimbabwe"
}