{
    "ad": "Andorra",
    "ae": "Uni Emirat Arab",
    "af": "Afganistan",
    "ag": "Antigua dan Barbuda",
    "ai": "Anguilla",
    "al": "Albania",
    "am": "Armenia",
    "ao": "Angola",
    "aq": "Antarktika",
    "ar": "Argentina",
    "as": "Samoa Amerika",
    "at": "Austria",
    "au": "Australia",
    "aw": "Aruba",
    "az": "Azerbaijan",
    "ba": "Bosnia dan Herzegovina",
    "bb": "Barbados",
    "bd": "Bangladesh",
    "be": "Belgia",
    "bf": "Burkina Faso",
    "bg": "Bulgaria",
    "bh": "Bahrain",
    "bi": "Burundi",
    "bj": "Benin",
    "bl": "Saint Barthelemy",
    "bm": "Bermuda",
    "bn": "Brunei",
    "bo": "Bolivia",
    "bq": "Belanda Karibia",
    "br": "Brasil",
    "bs": "Bahamas",
    "bt": "Bhutan",
    "bv": "Bouvet, Pulau",
    "bw": "Botswana",
    "by": "Belarusia",
    "bz": "Belize",
    "ca": "Kanada",
    "cc": "Kepulauan Cocos (Keeling)",
    "cd": "Kongo-Kinshasa",
    "cf": "Afrika Tengah, Republik",
    "cg": "Kongo-Brazzaville",
    "ch": "Swiss",
    "ci": "C\u00f4te d\u2019Ivoire",
    "ck": "Cook, Kepulauan",
    "cl": "Chili",
    "cm": "Kamerun",
    "cn": "Tiongkok",
    "co": "Kolombia",
    "cp": "Kepulauan Clipperton",
    "cr": "Kosta Rika",
    "cu": "Kuba",
    "cv": "Cape Verde",
    "cw": "Cura\u00e7ao",
    "cx": "Natal, Pulau",
    "cy": "Siprus",
    "cz": "Republik Ceko",
    "de": "Jerman",
    "dg": "Diego Garcia",
    "dj": "Djibouti",
    "dk": "Denmark",
    "dm": "Dominika",
    "do": "Dominika, Republik",
    "dz": "Aljazair",
    "ec": "Ekuador",
    "ee": "Estonia",
    "eg": "Mesir",
    "eh": "Sahara Barat",
    "er": "Eritrea",
    "es": "Spanyol",
    "et": "Ethiopia",
    "fi": "Finlandia",
    "fj": "Fiji",
    "fk": "Kepulauan Falkland (Islas Malvinas)",
    "fm": "Negara Federasi Micronesia",
    "fo": "Faroe, Kepulauan",
    "fr": "Perancis",
    "ga": "Gabon",
    "gb": "Britania Raya",
    "gd": "Grenada",
    "ge": "Georgia",
    "gf": "Guyana Perancis",
    "gg": "Guernsey",
    "gh": "Ghana",
    "gi": "Gibraltar",
    "gl": "Greenland",
    "gm": "Gambia",
    "gn": "Guinea",
    "gp": "Guadeloupe",
    "gq": "Guinea Khatulistiwa",
    "gr": "Yunani",
    "gs": "Georgia Selatan dan Kepulauan Sandwich Selatan",
    "gt": "Guatemala",
    "gu": "Guam",
    "gw": "Guinea-Bissau",
    "gy": "Guyana",
    "hk": "Hong Kong",
    "hm": "Heard dan Kepulauan McDonald, Pulau",
    "hn": "Honduras",
    "hr": "Kroasia",
    "ht": "Haiti",
    "hu": "Hongaria",
    "id": "Indonesia",
    "ie": "Irlandia",
    "il": "Israel",
    "im": "Man, Pulau",
    "in": "India",
    "io": "Britania di Samudera Hindia, Teritorial",
    "iq": "Irak",
    "ir": "Iran",
    "is": "Islandia",
    "it": "Italia",
    "je": "Jersey",
    "jm": "Jamaika",
    "jo": "Yordania",
    "jp": "Jepang",
    "ke": "Kenya",
    "kg": "Kirgizstan",
    "kh": "Kamboja",
    "ki": "Kiribati",
    "km": "Komoro",
    "kn": "Saint Kitts dan Nevis",
    "kp": "Korea Utara",
    "kr": "Korea Selatan",
    "kw": "Kuwait",
    "ky": "Cayman, Kepulauan",
    "kz": "Kazakhstan",
    "la": "Laos",
    "lb": "Lebanon",
    "lc": "Saint Lucia",
    "li": "Liechtenstein",
    "lk": "Sri Lanka",
    "lr": "Liberia",
    "ls": "Lesotho",
    "lt": "Lituania",
    "lu": "Luksemburg",
    "lv": "Latvia",
    "ly": "Libya",
    "ma": "Maroko",
    "mc": "Monako",
    "md": "Moldova",
    "me": "Montenegro",
    "mf": "Saint Martin",
    "mg": "Madagaskar",
    "mh": "Marshall, Kepulauan",
    "mk": "Makedonia Utara",
    "ml": "Mali",
    "mm": "Birma",
    "mn": "Mongolia",
    "mo": "Makau",
    "mp": "Mariana Utara, Kepulauan",
    "mq": "Martinik",
    "mr": "Mauritania",
    "ms": "Montserrat",
    "mt": "Malta",
    "mu": "Mauritius",
    "mv": "Maladewa",
    "mw": "Malawi",
    "mx": "Meksiko",
    "my": "Malaysia",
    "mz": "Mozambik",
    "na": "Namibia",
    "nc": "Kaledonia Baru",
    "ne": "Niger",
    "nf": "Norfolk, Pulau",
    "ng": "Nigeria",
    "ni": "Nikaragua",
    "nl": "Belanda",
    "no": "Norwegia",
    "np": "Nepal",
    "nr": "Nauru",
    "nu": "Niue",
    "nz": "Selandia Baru",
    "om": "Oman",
    "pa": "Panama",
    "pe": "Peru",
    "pf": "Polinesia Perancis",
    "pg": "Papua Nugini",
    "ph": "Filipina",
    "pk": "Pakistan",
    "pl": "Polandia",
    "pm": "Saint Pierre dan Miquelon",
    "pn": "Kepulauan Pitcairn",
    "pr": "Puerto Riko",
    "pt": "Portugal",
    "pw": "Palau",
    "py": "Paraguay",
    "qa": "Qatar",
    "qm": "Kepulauan Midway",
    "qs": "Bassas da India",
    "qu": "Pulau Juan de Nova",
    "qw": "Pulau Wake",
    "qx": "Pulau Glorioso",
    "qz": "Akrotiri",
    "re": "R\u00e9union",
    "ro": "Rumania",
    "rs": "Serbia",
    "ru": "Rusia",
    "rw": "Rwanda",
    "sa": "Arab Saudi",
    "sb": "Solomon, Kepulauan",
    "sc": "Seychelles",
    "sd": "Sudan",
    "se": "Swedia",
    "sg": "Singapura",
    "sh": "Saint Helena, Ascension, dan Tristan da Cunha",
    "si": "Slovenia",
    "sk": "Slowakia",
    "sl": "Sierra Leone",
    "sm": "San Marino",
    "sn": "Senegal",
    "so": "Somalia",
    "sr": "Suriname",
    "ss": "Sudan Selatan",
    "st": "Sao Tome dan Principe",
    "sv": "El Salvador",
    "sx": "Saint Martin",
    "sy": "Suriah",
    "sz": "Eswatini",
    "tc": "Turks dan Caicos, Kepulauan",
    "td": "Chad",
    "tf": "Perancis, Wilayah Bagian Selatan dan Antartika",
    "tg": "Togo",
    "th": "Thailand",
    "tj": "Tajikistan",
    "tk": "Tokelau",
    "tl": "Timor Leste",
    "tm": "Turkmenistan",
    "tn": "Tunisia",
    "to": "Tonga",
    "tr": "Turki",
    "tt": "Trinidad dan Tobago",
    "tv": "Tuvalu",
    "tw": "Taiwan",
    "tz": "Tanzania",
    "ua": "Ukraina",
    "ug": "Uganda",
    "us": "Amerika Serikat",
    "uy": "Uruguay",
    "uz": "Uzbekistan",
    "va": "Vatikan",
    "vc": "Saint Vincent dan Grenadines",
    "ve": "Venezuela",
    "vg": "Kepulauan Virgin, Inggris",
    "vi": "Kepulauan Virgin (Amerika)",
    "vn": "Vietnam",
    "vu": "Vanuatu",
    "wf": "Wallis dan Futuna",
    "ws": "Samoa",
    "xa": "Kepulauan Ashmore dan Cartier",
    "xb": "Pulau Baker",
    "xc": "Kepulauan Coral Sea",
    "xd": "Dhekelia",
    "xe": "Pulau Europa",
    "xg": "Jalur Gaza",
    "xh": "Pulau Howland",
    "xj": "Jan Mayen",
    "xk": "Kosovo",
    "xl": "Palmyra Atoll",
    "xm": "Kingman Reef",
    "xp": "Pulau Paracel",
    "xq": "Pulau Jarvis",
    "xr": "Svalbard",
    "xs": "Kepualau Spratly",
    "xt": "Pulau Tromelin",
    "xu": "Johnston Atoll",
    "xv": "Pulau Navassa",
    "xw": "Tepi Barat",
    "ye": "Yaman",
    "yt": "Mayotte",
    "za": "Afrika Selatan",
    "zm": "Zambia",
    "zw": "Zimbabwe"
}