{
    "ad": "Andorra",
    "ae": "Emiratos \u00c1rabes Unidos",
    "af": "Afganist\u00e1n",
    "ag": "Antigua y Barbuda",
    "ai": "Anquilla",
    "al": "Albania",
    "am": "Armenia",
    "ao": "Angola",
    "aq": "Ant\u00e1rtida",
    "ar": "Argentina",
    "as": "Samoa americana",
    "at": "Austria",
    "au": "Australia",
    "aw": "Aruba",
    "az": "Azerbay\u00e1n",
    "ba": "Bosnia-Herzegovina",
    "bb": "Barbados",
    "bd": "Bangladesh",
    "be": "B\u00e9lgica",
    "bf": "Burkina Faso",
    "bg": "Bulgaria",
    "bh": "Bahrein",
    "bi": "Burundi",
    "bj": "Benin",
    "bl": "San Bartolom\u00e9",
    "bm": "Bermudas",
    "bn": "Brunei",
    "bo": "Bolivia",
    "bq": "Bonaire, San Eustaquio y Saba",
    "br": "Brasil",
    "bs": "Bahamas, Las",
    "bt": "Bhut\u00e1n",
    "bv": "Isla Bouvet",
    "bw": "Botswana",
    "by": "Belar\u00fas",
    "bz": "Belice",
    "ca": "Canad\u00e1",
    "cc": "Islas Cocos (Keeling)",
    "cd": "Congo (Kinshasa)",
    "cf": "Rep\u00fablica Centroafricana",
    "cg": "Rep\u00fablica del Congo",
    "ch": "Suiza",
    "ci": "Costa de Marfil",
    "ck": "Islas Cook",
    "cl": "Chile",
    "cm": "Camer\u00fan",
    "cn": "China",
    "co": "Colombia",
    "cp": "Isla Clipperton",
    "cr": "Costa Rica",
    "cu": "Cuba",
    "cv": "Cabo Verde",
    "cw": "Curazao",
    "cx": "Isla de Navidad",
    "cy": "Chipre",
    "cz": "Rep\u00fablica Checa",
    "de": "Alemania",
    "dg": "Diego Garc\u00eda",
    "dj": "Djibouti",
    "dk": "Dinamarca",
    "dm": "Dominica",
    "do": "Rep\u00fablica Dominicana",
    "dz": "Argelia",
    "ec": "Ecuador",
    "ee": "Estonia",
    "eg": "Egipto",
    "eh": "S\u00e1hara Occidental",
    "er": "Eritrea",
    "es": "Espa\u00f1a",
    "et": "Etiop\u00eda",
    "fi": "Finlandia",
    "fj": "Fiji",
    "fk": "Islas Malvinas",
    "fm": "Estados Federados de la Micronesia",
    "fo": "Islas Faroe",
    "fr": "Francia",
    "ga": "Gab\u00f3n",
    "gb": "Reino Unido",
    "gd": "Granada",
    "ge": "Georgia",
    "gf": "Guayana Francesa",
    "gg": "Guernsey",
    "gh": "Ghana",
    "gi": "Gibraltar",
    "gl": "Groenlandia",
    "gm": "Gambia",
    "gn": "Guinea",
    "gp": "Guadalupe",
    "gq": "Guinea Ecuatorial",
    "gr": "Grecia",
    "gs": "Islas Georgias del Sur y Sandwich del Sur",
    "gt": "Guatemala",
    "gu": "Guam",
    "gw": "Guinea-Bissau",
    "gy": "Guyana",
    "hk": "Hong Kong",
    "hm": "Islas Heard e Islas McDonald",
    "hn": "Honduras",
    "hr": "Croacia",
    "ht": "Hait\u00ed",
    "hu": "Hungr\u00eda",
    "id": "Indonesia",
    "ie": "Irlanda",
    "il": "Israel",
    "im": "Isla de Man",
    "in": "India",
    "io": "Territorio brit\u00e1nico en el Oc\u00e9ano \u00cdndico",
    "iq": "Irak",
    "ir": "Ir\u00e1n",
    "is": "Islandia",
    "it": "Italia",
    "je": "Jersey",
    "jm": "Jamaica",
    "jo": "Jordania",
    "jp": "Jap\u00f3n",
    "ke": "Kenia",
    "kg": "Kirguist\u00e1n",
    "kh": "Camboya",
    "ki": "Kiribati",
    "km": "Comoras",
    "kn": "Saint Kitts y Nevis",
    "kp": "Corea del Norte",
    "kr": "Corea del Sur",
    "kw": "Kuwait",
    "ky": "Islas Caim\u00e1n",
    "kz": "Kazajst\u00e1n",
    "la": "Laos",
    "lb": "L\u00edbano",
    "lc": "Santa Luc\u00eda",
    "li": "Liechtenstein",
    "lk": "Sri Lanka",
    "lr": "Liberia",
    "ls": "Lesotho",
    "lt": "Lituania",
    "lu": "Luxemburgo",
    "lv": "Letonia",
    "ly": "Libia",
    "ma": "Marruecos",
    "mc": "M\u00f3naco",
    "md": "Moldavia",
    "me": "Montenegro",
    "mf": "San Mart\u00edn",
    "mg": "Madagascar",
    "mh": "Islas Marshall",
    "mk": "Macedonia",
    "ml": "Mal\u00ed",
    "mm": "Burma",
    "mn": "Mongolia",
    "mo": "Macao",
    "mp": "Islas Marianas del Norte",
    "mq": "Martinica",
    "mr": "Mauritania",
    "ms": "Montserrat",
    "mt": "Malta",
    "mu": "Mauricio",
    "mv": "Maldivas",
    "mw": "Malawi",
    "mx": "M\u00e9xico",
    "my": "Malasia",
    "mz": "Mozambique",
    "na": "Namibia",
    "nc": "Nueva Caledonia",
    "ne": "N\u00edger",
    "nf": "Isla Norfolk",
    "ng": "Nigeria",
    "ni": "Nicaragua",
    "nl": "Holanda (Pa\u00edses Bajos)",
    "no": "Noruega",
    "np": "Nepal",
    "nr": "Nauru",
    "nu": "Niue",
    "nz": "Nueva Zelanda",
    "om": "Om\u00e1n",
    "pa": "Panam\u00e1",
    "pe": "Per\u00fa",
    "pf": "Polinesia Francesa",
    "pg": "Pap\u00faa Nueva Guinea",
    "ph": "Filipinas",
    "pk": "Pakist\u00e1n",
    "pl": "Polonia",
    "pm": "San Pedro y Miquel\u00f3n",
    "pn": "Islas Pitcairn",
    "pr": "Puerto Rico",
    "pt": "Portugal",
    "pw": "Palau",
    "py": "Paraguay",
    "qa": "Qatar",
    "qm": "Islas Midway",
    "qs": "Bassas da India",
    "qu": "Isla Juan de Nova",
    "qw": "Isla Wake",
    "qx": "Islas Glorioso",
    "qz": "Acrotiri",
    "re": "Reuni\u00f3n",
    "ro": "Ruman\u00eda",
    "rs": "Serbia",
    "ru": "Rusia",
    "rw": "Ruanda",
    "sa": "Arabia Saud\u00ed",
    "sb": "Islas Salom\u00f3n",
    "sc": "Seychelles",
    "sd": "Sud\u00e1n",
    "se": "Suecia",
    "sg": "Singapur",
    "sh": "Santa Elena, Ascensi\u00f3n y Trist\u00e1n de Acu\u00f1a",
    "si": "Eslovenia",
    "sk": "Eslovaquia",
    "sl": "Sierra Leona",
    "sm": "San Marino",
    "sn": "Senegal",
    "so": "Somalia",
    "sr": "Suriname",
    "ss": "Sud\u00e1n del Sur",
    "st": "San Tome y Pr\u00edncipe",
    "sv": "El Salvador",
    "sx": "San Mart\u00edn",
    "sy": "Siria",
    "sz": "Swazilandia",
    "tc": "Islas Turcas y Caicos",
    "td": "Chad",
    "tf": "Territorios franceses del sur y tierras ant\u00e1rticas",
    "tg": "Togo",
    "th": "Tailandia",
    "tj": "Tayikist\u00e1n",
    "tk": "Tokelau",
    "tl": "Timor Oriental",
    "tm": "Turkmenist\u00e1n",
    "tn": "T\u00fanez",
    "to": "Tonga",
    "tr": "Turqu\u00eda",
    "tt": "Trinidad y Tobago",
    "tv": "Tuvalu",
    "tw": "Taiw\u00e1n",
    "tz": "Tanzania",
    "ua": "Ucrania",
    "ug": "Uganda",
    "us": "Estados Unidos",
    "uy": "Uruguay",
    "uz": "Uzbekist\u00e1n",
    "va": "Ciudad del Vaticano",
    "vc": "San Vicente y las Granadinas",
    "ve": "Venezuela",
    "vg": "Islas V\u00edrgenes, Brit\u00e1nicas",
    "vi": "Islas V\u00edrgenes, de EEUU",
    "vn": "Vietn\u00e1m",
    "vu": "Vanuatu",
    "wf": "Wallis y Futuna",
    "ws": "Samoa",
    "xa": "Islas Ashmore y Cartier",
    "xb": "Isla Baker",
    "xc": "Islas del Mar del Coral",
    "xd": "Dhekelia",
    "xe": "Isla Europa",
    "xg": "Franja de Gaza",
    "xh": "Isla Howland",
    "xj": "Jan Mayen",
    "xk": "Kosovo",
    "xl": "Atol\u00f3n Palmira",
    "xm": "Arrecife Kingman",
    "xp": "Islas Paracelso",
    "xq": "Isla Jarvis",
    "xr": "Svalbard",
    "xs": "Islas Spratly",
    "xt": "Isla Tromelin",
    "xu": "Atol\u00f3n Johnston",
    "xv": "Isla de Navaza",
    "xw": "Cisjordania",
    "ye": "Yemen",
    "yt": "Mayotte",
    "za": "Sud\u00e1frica",
    "zm": "Zambia",
    "zw": "Zimbabue"
}